avg_age,sd_age,min_age,max_age,median_age
34.58893280632411,10.901584772041675,18,70,32
